"","total_costs","hiv_infected_infants","syph_total","dalys","incremental_cost","incremental_dalys","icer"
"one_rdt_test",64132760.559679,13513.8070473387,18803.3097136569,1468491.80216733,NA,NA,NA
"one_dual_test",64212661.2055481,13516.0206883594,15798.0980779177,1459445.86901575,79900.6458691359,9045.93315158063,8.83276987904499
"two_rdt_test",69397193.8193794,10955.5709290362,18803.3097136569,1453889.77140825,5184532.61383129,5556.09760749456,933.124826107793
"two_dual_test",70265476.6472912,10957.1022877582,15798.0980779177,1444866.20629882,868282.82791172,9023.56510942662,96.2239222948204
